"Value","Reference","Footprint"
"Electrosmith_Daisy_Seed_Rev4","A1","Module:Electrosmith_Daisy_Seed"
"100NF","C1,C2,C3,C5,C6,C13,C19,C20,C33,C47","Capacitor_SMD:C_0603_1608Metric"
"330PF","C4,C17","Capacitor_SMD:C_0603_1608Metric"
"1NF","C14,C15,C16,C18","Capacitor_SMD:C_0603_1608Metric"
"33PF","C21,C22","Capacitor_SMD:C_0603_1608Metric"
"100UF","C39,C44,C46,C49","Capacitor_SMD:CP_Elec_6.3x7.7"
"10UF","C50,C51","Capacitor_SMD:C_0805_2012Metric"
"NSR1020MW2T3G","D1,D2","Diode_SMD:D_SOD-323"
"FERRITE_BEAD_0603","FB2,FB3","Resistor_SMD:R_0603_1608Metric"
"USB4110GFA","J7","USB4110GFA:GCT_USB4110GFA"
"~","J_AUDIO_IN_L1,J_AUDIO_IN_R1,J_AUDIO_OUT_L1,J_AUDIO_OUT_R1,J_CV_IN_1,J_CV_IN_2,J_CV_IN_3,J_CV_IN_4,J_CV_OUT_1,J_CV_OUT_2,J_GATE_IN_1,J_GATE_IN_2,J_MIDI_IN1,J_MIDI_OUT1,J_MIDI_THRU1,P1","Electrosmith-Connectors:EURO_PWR_HEADER_LOCK,Electrosmith-Interface:STEREO_JACK_3.5MM,Electrosmith-Interface:S_JACK"
"LED_RKBG","LED1","LED_THT:LED_D5.0mm-4_RGB_Wide_Pins"
"LED","LED2","LED_THT:LED_D5.0mm"
"MMBT3904","Q1,Q2","Package_TO_SOT_SMD:SOT-23"
"5K1","R1,R2","Resistor_SMD:R_0603_1608Metric"
"270R","R3","Resistor_SMD:R_0603_1608Metric"
"220R","R4","Resistor_SMD:R_0603_1608Metric"
"3R3","R5,R9","Resistor_SMD:R_1206_3216Metric"
"10R","R6,R10,R29,R59","Resistor_SMD:R_0603_1608Metric"
"100K","R17,R24,R33,R37,R41,R46,R61,R64,R73","Resistor_SMD:R_0603_1608Metric"
"1M","R18,R28","Resistor_SMD:R_0603_1608Metric"
"10K","R19,R30,R62,R65,R67,R68","Resistor_SMD:R_0603_1608Metric"
"100R","R23,R31,R55,R60,R63,R66,R79,R80","Resistor_SMD:R_0603_1608Metric"
"2K","R25,R32,R40,R43,R44","Resistor_SMD:R_0603_1608Metric"
"33K","R34,R38,R42,R47","Resistor_SMD:R_0603_1608Metric"
"200K","R35,R36,R39,R45","Resistor_SMD:R_0603_1608Metric"
"120K","R48,R56","Resistor_SMD:R_0603_1608Metric"
"62K","R49,R57","Resistor_SMD:R_0603_1608Metric"
"47K","R50,R51,R52,R53,R54","Resistor_SMD:R_0603_1608Metric"
"100k","R78","Resistor_SMD:R_0603_1608Metric"
"PTH Mini Button","SW1,SW2","parts-for-kicad:TL1105SPF250Q_SILK"
"TOGGLE_ON_OFF_ON_PIP2","SW3","parts-for-kicad:TOGGLE_ON_OFF_ON_SILK"
"TOGGLE_ON-ON_PIP3","SW4","parts-for-kicad:TOGGLE_ON-ON_SILK"
"TL072","U1,U13,U15","Package_SO:SO-8_3.9x4.9mm_P1.27mm"
"MCP6004","U2","Package_SO:SO-14_3.9x8.65mm_P1.27mm"
"LM4040DBZ-10","U3","Package_TO_SOT_SMD:SOT-23"
"MICRO_SD_CARD","U7","TF-01A:TF-01A"
"H11L1","U11","Package_DIP:DIP-6_W7.62mm"
"CD4051B","U12","Package_SO:SOIC-16_3.9x9.9mm_P1.27mm"
"USBLC6-2SC6","U14","Package_TO_SOT_SMD:SOT-23-6"
"P-10K-B-R","VR1,VR2,VR3,VR4,VR5,VR6,VR7,VR8","parts-for-kicad:9MM_SNAP-IN_POT_SILK"
