Designator,Val,Package,Mid X,Mid Y,Rotation,Layer
A1,Electrosmith_Daisy_Seed_Rev4,Electrosmith_Daisy_Seed,2.795000,29.705000,90.000000,top
C1,100NF,C_0603_1608Metric,46.520000,80.387500,0.000000,top
C2,100NF,C_0603_1608Metric,21.755000,89.772500,-90.000000,top
C3,100NF,C_0603_1608Metric,123.037500,30.505000,90.000000,top
C4,330PF,C_0603_1608Metric,106.210000,38.318750,0.000000,top
C5,100NF,C_0603_1608Metric,110.020000,30.857500,90.000000,top
C6,100NF,C_0603_1608Metric,46.520000,53.558750,-90.000000,top
C13,100NF,C_0603_1608Metric,35.740000,74.357500,-90.000000,top
C14,1NF,C_0603_1608Metric,33.185000,54.287500,0.000000,top
C15,1NF,C_0603_1608Metric,39.535000,54.287500,180.000000,top
C16,1NF,C_0603_1608Metric,39.027500,66.987500,180.000000,top
C17,330PF,C_0603_1608Metric,105.098750,25.936250,0.000000,top
C18,1NF,C_0603_1608Metric,33.630000,66.987500,0.000000,top
C19,100NF,C_0603_1608Metric,36.360000,55.240000,-90.000000,top
C20,100NF,C_0603_1608Metric,73.190000,50.542500,-90.000000,top
C21,33PF,C_0603_1608Metric,117.640000,25.742500,0.000000,top
C22,33PF,C_0603_1608Metric,119.227500,38.442500,0.000000,top
C33,100NF,C_0603_1608Metric,21.755000,81.480000,-90.000000,top
C39,100UF,CP_Elec_6.3x7.7,29.057500,90.070000,-90.000000,top
C44,100UF,CP_Elec_6.3x7.7,29.057500,79.910000,-90.000000,top
C46,100UF,CP_Elec_6.3x7.7,6.990000,58.902500,180.000000,top
C47,100NF,C_0603_1608Metric,65.075000,89.912500,0.000000,top
C49,100UF,CP_Elec_6.3x7.7,6.990000,51.495000,180.000000,top
C50,10UF,C_0805_2012Metric,23.660000,89.597500,-90.000000,top
C51,10UF,C_0805_2012Metric,23.660000,81.660000,-90.000000,top
D1,NSR1020MW2T3G,D_SOD-323,19.850000,89.815000,-90.000000,top
D2,NSR1020MW2T3G,D_SOD-323,19.850000,81.560000,-90.000000,top
FB2,FERRITE_BEAD_0603,R_0603_1608Metric,17.945000,89.912500,-90.000000,top
FB3,FERRITE_BEAD_0603,R_0603_1608Metric,17.945000,81.467500,90.000000,top
FD1,FIDUCIAL,Fiducial_1mm_Mask2mm,14.770000,5.140000,0.000000,top
FD2,FIDUCIAL,Fiducial_1mm_Mask2mm,2.001100,99.996400,0.000000,top
FD3,FIDUCIAL,Fiducial_1mm_Mask2mm,127.800000,5.140000,0.000000,top
J7,USB4110GFA,GCT_USB4110GFA,6.000000,69.910000,-90.000000,top
J_AUDIO_IN_L1,~,S_JACK,95.415000,40.620000,0.000000,top
J_AUDIO_IN_R1,~,S_JACK,95.415000,20.380000,0.000000,top
J_AUDIO_OUT_L1,~,S_JACK,130.340000,40.700000,0.000000,top
J_AUDIO_OUT_R1,~,S_JACK,130.340000,19.190000,0.000000,top
J_CV_IN_1,~,S_JACK,77.952500,59.830000,0.000000,top
J_CV_IN_2,~,S_JACK,95.415000,59.830000,0.000000,top
J_CV_IN_3,~,S_JACK,112.877500,59.830000,0.000000,top
J_CV_IN_4,~,S_JACK,130.340000,59.910000,0.000000,top
J_CV_OUT_1,~,S_JACK,60.490000,40.700000,0.000000,top
J_CV_OUT_2,~,S_JACK,77.952500,40.700000,0.000000,top
J_GATE_IN_1,~,S_JACK,60.490000,20.380000,0.000000,top
J_GATE_IN_2,~,S_JACK,77.952500,20.460000,0.000000,top
J_MIDI_IN1,~,STEREO_JACK_3.5MM,60.490000,96.580000,0.000000,top
J_MIDI_OUT1,~,STEREO_JACK_3.5MM,60.490000,59.830000,0.000000,top
J_MIDI_THRU1,~,STEREO_JACK_3.5MM,60.490000,78.420000,0.000000,top
LED1,LED_RKBG,LED_D5.0mm-4_RGB_Wide_Pins,25.565000,23.000000,-90.000000,top
LED2,LED,LED_D5.0mm,43.027500,21.200000,-90.000000,top
P1,~,EURO_PWR_HEADER_LOCK,12.357000,86.420000,90.000000,top
Q1,MMBT3904,SOT-23,59.870000,30.537500,180.000000,top
Q2,MMBT3904,SOT-23,77.000000,30.540000,180.000000,top
R1,5K1,R_0603_1608Metric,12.500100,72.300000,0.000000,top
R2,5K1,R_0603_1608Metric,12.500100,66.800000,0.000000,top
R3,270R,R_0603_1608Metric,43.186250,80.387500,0.000000,top
R4,220R,R_0603_1608Metric,50.647500,90.865000,-90.000000,top
R5,3R3,R_1206_3216Metric,13.575000,60.385000,-90.000000,top
R6,10R,R_0603_1608Metric,54.775000,87.690000,90.000000,top
R9,3R3,R_1206_3216Metric,13.575000,52.765000,-90.000000,top
R10,10R,R_0603_1608Metric,57.315000,69.275000,180.000000,top
R17,100K,R_0603_1608Metric,64.315000,30.537500,-90.000000,top
R18,1M,R_0603_1608Metric,62.727500,30.537500,-90.000000,top
R19,10K,R_0603_1608Metric,57.330000,28.950000,180.000000,top
R23,100R,R_0603_1608Metric,57.330000,32.125000,0.000000,top
R24,100K,R_0603_1608Metric,81.445000,30.540000,-90.000000,top
R25,2K,R_0603_1608Metric,21.910000,26.095000,-90.000000,top
R28,1M,R_0603_1608Metric,79.857500,30.540000,-90.000000,top
R29,10R,R_0603_1608Metric,56.680000,87.690000,-90.000000,top
R30,10K,R_0603_1608Metric,74.460000,28.952500,180.000000,top
R31,100R,R_0603_1608Metric,74.460000,32.127500,0.000000,top
R32,2K,R_0603_1608Metric,34.787500,77.215000,180.000000,top
R33,100K,R_0603_1608Metric,33.185000,52.700000,180.000000,top
R34,33K,R_0603_1608Metric,33.185000,55.875000,0.000000,top
R35,200K,R_0603_1608Metric,33.185000,51.112500,180.000000,top
R36,200K,R_0603_1608Metric,39.535000,51.112500,0.000000,top
R37,100K,R_0603_1608Metric,39.535000,52.700000,0.000000,top
R38,33K,R_0603_1608Metric,39.535000,55.875000,180.000000,top
R39,200K,R_0603_1608Metric,39.027500,70.162500,0.000000,top
R40,2K,R_0603_1608Metric,25.410000,26.095000,-90.000000,top
R41,100K,R_0603_1608Metric,39.027500,68.575000,0.000000,top
R42,33K,R_0603_1608Metric,39.027500,65.400000,180.000000,top
R43,2K,R_0603_1608Metric,38.275000,22.750000,-90.000000,top
R44,2K,R_0603_1608Metric,23.660000,26.095000,-90.000000,top
R45,200K,R_0603_1608Metric,33.630000,70.162500,180.000000,top
R46,100K,R_0603_1608Metric,33.630000,68.575000,180.000000,top
R47,33K,R_0603_1608Metric,33.630000,65.400000,0.000000,top
R48,120K,R_0603_1608Metric,68.110000,45.780000,180.000000,top
R49,62K,R_0603_1608Metric,68.110000,47.367500,0.000000,top
R50,47K,R_0603_1608Metric,7.750000,33.175000,90.000000,top
R51,47K,R_0603_1608Metric,5.250000,33.175000,90.000000,top
R52,47K,R_0603_1608Metric,15.500000,33.175000,90.000000,top
R53,47K,R_0603_1608Metric,13.000000,33.175000,90.000000,top
R54,47K,R_0603_1608Metric,10.500000,33.175000,90.000000,top
R55,100R,R_0603_1608Metric,65.570000,48.955000,-90.000000,top
R56,120K,R_0603_1608Metric,69.380000,58.480000,180.000000,top
R57,62K,R_0603_1608Metric,69.380000,56.892500,0.000000,top
R59,10R,R_0603_1608Metric,57.315000,67.687500,0.000000,top
R60,100R,R_0603_1608Metric,66.840000,57.845000,-90.000000,top
R61,100K,R_0603_1608Metric,106.210000,39.906250,180.000000,top
R62,10K,R_0603_1608Metric,106.210000,36.731250,0.000000,top
R63,100R,R_0603_1608Metric,103.828750,37.525000,-90.000000,top
R64,100K,R_0603_1608Metric,105.098750,24.348750,180.000000,top
R65,10K,R_0603_1608Metric,105.098750,27.523750,0.000000,top
R66,100R,R_0603_1608Metric,102.717500,26.730000,-90.000000,top
R67,10K,R_0603_1608Metric,117.640000,24.155000,180.000000,top
R68,10K,R_0603_1608Metric,119.227500,40.030000,180.000000,top
R73,10K,R_0603_1608Metric,117.640000,27.330000,0.000000,top
R78,100k,R_0603_1608Metric,119.227500,36.855000,0.000000,top
R79,100R,R_0603_1608Metric,115.417500,29.870000,-90.000000,top
R80,100R,R_0603_1608Metric,116.687500,37.490000,-90.000000,top
SW1,TOGGLE_ON_OFF_ON_PIP2,TOGGLE_ON_OFF_ON_SILK,60.490000,7.200000,0.000000,top
SW2,TOGGLE_ON-ON_PIP3,TOGGLE_ON-ON_SILK,77.952500,7.200000,0.000000,top
SW3,PTH Mini Button,TL1105SPF250Q_SILK,25.565000,7.400600,0.000000,top
SW4,PTH Mini Button,TL1105SPF250Q_SILK,43.027500,7.439400,0.000000,top
U1,TL072,SO-8_3.9x4.9mm_P1.27mm,106.210000,32.127500,90.000000,top
U2,MCP6004,SO-14_3.9x8.65mm_P1.27mm,36.360000,60.637500,90.000000,top
U3,LM4040DBZ-10,SOT-23,32.882500,74.357500,180.000000,top
U7,MICRO_SD_CARD,TF-01A,8.275000,18.300000,-90.000000,top
U11,H11L1,DIP-6_W7.62mm,47.790000,90.225000,-90.000000,top
U12,CD4051B,SOIC-16_3.9x9.9mm_P1.27mm,48.807500,60.385000,180.000000,top
U13,TL072,SO-8_3.9x4.9mm_P1.27mm,69.380000,52.130000,90.000000,top
U14,USBLC6-2SC6,SOT-23-6,13.950100,69.550000,0.000000,top
U15,TL072,SO-8_3.9x4.9mm_P1.27mm,119.227500,32.092500,90.000000,top
VR1,P-10K-B-R,9MM_SNAP-IN_POT_SILK,77.952500,96.580000,0.000000,top
VR2,P-10K-B-R,9MM_SNAP-IN_POT_SILK,95.415000,96.580000,0.000000,top
VR3,P-10K-B-R,9MM_SNAP-IN_POT_SILK,112.877500,96.580000,0.000000,top
VR4,P-10K-B-R,9MM_SNAP-IN_POT_SILK,130.340000,96.560950,0.000000,top
VR5,P-10K-B-R,9MM_SNAP-IN_POT_SILK,77.952500,78.600000,0.000000,top
VR6,P-10K-B-R,9MM_SNAP-IN_POT_SILK,95.415000,78.800000,0.000000,top
VR7,P-10K-B-R,9MM_SNAP-IN_POT_SILK,112.877500,78.700000,0.000000,top
VR8,P-10K-B-R,9MM_SNAP-IN_POT_SILK,130.340000,78.700000,0.000000,top
